website,region,praxisart
https://www.zahnarzt-graz.at,Steiermark,Zahnarzt
https://www.dental-graz.at,Steiermark,Zahnarzt
https://www.ordination-mueller.at,Steiermark,Zahnarzt
https://www.dr-huber-zahnarzt.at,Steiermark,Zahnarzt
https://www.hausarzt-graz.at,Steiermark,Hausarzt
https://www.allgemeinmedizin-graz.at,Steiermark,Hausarzt
https://www.ordination-schmidt.at,Steiermark,Allgemeinmedizin
https://www.praxis-leoben.at,Steiermark,Allgemeinmedizin
https://www.zahnarzt-klagenfurt.at,Kärnten,Zahnarzt
https://www.dental-klagenfurt.at,Kärnten,Zahnarzt
https://www.zahnarztpraxis-villach.at,Kärnten,Zahnarzt
https://www.hausarzt-klagenfurt.at,Kärnten,Hausarzt
https://www.allgemeinmedizin-villach.at,Kärnten,Allgemeinmedizin
https://www.praxis-wolfsberg.at,Kärnten,Allgemeinmedizin
https://www.zahnarzt-eisenstadt.at,Burgenland,Zahnarzt
https://www.dental-burgenland.at,Burgenland,Zahnarzt
https://www.zahnarztpraxis-neusiedl.at,Burgenland,Zahnarzt
https://www.hausarzt-eisenstadt.at,Burgenland,Hausarzt
https://www.allgemeinmedizin-bgld.at,Burgenland,Allgemeinmedizin
https://www.praxis-oberwart.at,Burgenland,Allgemeinmedizin

